"parameter","estimate","lower_CI","upper_CI"
"Linf",99.8702744910446,97.4850598794379,102.492712040818
"K",0.199847463302391,0.179607911696286,0.220377182064608
"t0",-0.233828699741289,-0.475670365003022,-0.0368855233742325
"Length_at_age_5",64.7806776680186,63.1230208622232,66.5012906678293
