"size_limit","ref_point","A50","value"
400,"Fmax",3.04690810047293,0.174353387144778
400,"Ymax",3.04690810047293,1381.05697141646
400,"F01",3.04690810047293,0.118783535989967
500,"Fmax",4.12451711084904,0.205794912979597
500,"Ymax",4.12451711084904,1480.65106897952
500,"F01",4.12451711084904,0.133531392624523
600,"Fmax",5.41054155167898,0.258770728957361
600,"Ymax",5.41054155167898,1603.81521004916
600,"F01",5.41054155167898,0.154317360384357
